{"cameraMode":{"drawMode":0,"name":"Shaded","section":"Shading Mode"},"sceneLighting":false,"audioPlay":false,"sceneViewState":{"m_AlwaysRefresh":false,"showFog":true,"showSkybox":false,"showFlares":true,"showImageEffects":true,"showParticleSystems":true,"showVisualEffectGraphs":true,"m_FxEnabled":true},"in2DMode":false,"pivot":{"x":-4.269572734832764,"y":0.4783569872379303,"z":1.0145542621612549},"rotation":{"x":-0.047844018787145618,"y":0.4621973931789398,"z":-0.024989260360598565,"w":-0.8851836919784546},"size":17.186145782470704,"orthographic":false}