{"cameraMode":{"drawMode":0,"name":"Shaded","section":"Shading Mode"},"sceneLighting":false,"audioPlay":false,"sceneViewState":{"m_AlwaysRefresh":false,"showFog":true,"showSkybox":false,"showFlares":true,"showImageEffects":true,"showParticleSystems":true,"showVisualEffectGraphs":true,"m_FxEnabled":true},"in2DMode":false,"pivot":{"x":2.0209977626800539,"y":1.215477466583252,"z":-0.296065092086792},"rotation":{"x":-0.0021978833246976139,"y":-0.9829328060150147,"z":0.18374259769916535,"w":-0.011801938526332379},"size":16.739900588989259,"orthographic":false}